{"iter": 0, "train/loss": 3.8161463737487793, "val/loss": 3.8145010471343994, "lr": 0.0, "perplexity": 5.230653762817383, "mfu": -100.0, "_timestamp": 1706404228.7397702, "_runtime": 18.317387104034424, "_step": 0}