{"iter": 0, "train/loss": 3.8146796226501465, "val/loss": 3.8155477046966553, "lr": 0.0, "perplexity": 5.326564788818359, "mfu": -100.0, "_timestamp": 1706403908.616488, "_runtime": 6.99104905128479, "_step": 0}