{"iter": 0, "train/loss": 3.816340446472168, "val/loss": 3.814279794692993, "lr": 0.0, "perplexity": 5.283313274383545, "mfu": -100.0, "_timestamp": 1706404201.542652, "_runtime": 30.6563458442688, "_step": 0}