{"iter": 200, "train/loss": 1.1691585779190063, "val/loss": 1.169030785560608, "lr": 0.0002997590923812217, "perplexity": 0.8266952037811279, "mfu": 0.4730395289961393, "_timestamp": 1706404615.995775, "_runtime": 363.9582600593567, "_step": 2}